{"n":43,"root_id":85,"nodes":{"47":{"height":0.0019185852725058794,"count":3,"children":[33,45]},"54":{"height":0.013089878484606743,"count":10,"children":[37,53]},"50":{"height":0.0048240129835903645,"count":2,"children":[42,43]},"68":{"height":0.16470280289649963,"count":5,"children":[20,67]},"69":{"height":0.17124202847480774,"count":18,"children":[65,66]},"77":{"height":0.47220340371131897,"count":25,"children":[70,71]},"80":{"height":0.5466555953025818,"count":30,"children":[77,79]},"81":{"height":0.6175179481506348,"count":33,"children":[62,80]},"62":{"height":0.05412141606211662,"count":3,"children":[19,52]},"46":{"height":0.001750729512423277,"count":3,"children":[15,44]},"82":{"height":0.9331728219985962,"count":5,"children":[75,78]},"85":{"height":0.9706501364707947,"count":43,"children":[82,84]},"75":{"height":0.4199048578739166,"count":3,"children":[4,59]},"55":{"height":0.015927284955978394,"count":11,"children":[36,54]},"60":{"height":0.04224154353141785,"count":2,"children":[11,12]},"66":{"height":0.09742864221334457,"count":15,"children":[29,63]},"58":{"height":0.03665568307042122,"count":13,"children":[24,56]},"83":{"height":0.9471924901008606,"count":35,"children":[50,81]},"64":{"height":0.07381229102611542,"count":2,"children":[10,21]},"59":{"height":0.04046741500496864,"count":2,"children":[1,2]},"65":{"height":0.09575413167476654,"count":3,"children":[14,61]},"49":{"height":0.002667555818334222,"count":7,"children":[46,48]},"51":{"height":0.0051688202656805515,"count":8,"children":[18,49]},"44":{"height":0.0010842368938028812,"count":2,"children":[26,30]},"73":{"height":0.39679333567619324,"count":2,"children":[3,6]},"84":{"height":0.9581267833709717,"count":38,"children":[74,83]},"53":{"height":0.008758028037846088,"count":9,"children":[9,51]},"61":{"height":0.050815559923648834,"count":2,"children":[22,27]},"72":{"height":0.37832868099212646,"count":2,"children":[16,35]},"74":{"height":0.4110613763332367,"count":3,"children":[5,73]},"79":{"height":0.5375322103500366,"count":5,"children":[57,76]},"57":{"height":0.023607945069670677,"count":2,"children":[17,31]},"45":{"height":0.0016679175896570086,"count":2,"children":[38,41]},"71":{"height":0.37159332633018494,"count":2,"children":[13,39]},"63":{"height":0.06543302536010742,"count":14,"children":[34,58]},"78":{"height":0.489902526140213,"count":2,"children":[7,8]},"67":{"height":0.14129066467285156,"count":4,"children":[60,64]},"48":{"height":0.0022511256393045187,"count":4,"children":[40,47]},"56":{"height":0.022644927725195885,"count":12,"children":[28,55]},"70":{"height":0.22599059343338013,"count":23,"children":[68,69]},"76":{"height":0.43678486347198486,"count":3,"children":[25,72]},"52":{"height":0.005514542572200298,"count":2,"children":[23,32]}}}