{"n":48,"root_id":95,"nodes":{"68":{"height":0.256655216217041,"count":4,"children":[21,67]},"89":{"height":0.6586435437202454,"count":12,"children":[77,86]},"85":{"height":0.5153937339782715,"count":15,"children":[55,84]},"55":{"height":0.06483827531337738,"count":2,"children":[11,31]},"66":{"height":0.2312435805797577,"count":6,"children":[58,63]},"58":{"height":0.17780429124832153,"count":3,"children":[45,52]},"59":{"height":0.1796531230211258,"count":2,"children":[12,13]},"74":{"height":0.2910083532333374,"count":4,"children":[44,70]},"95":{"height":0.8684895634651184,"count":48,"children":[80,94]},"57":{"height":0.17667701840400696,"count":2,"children":[7,9]},"90":{"height":0.6778216361999512,"count":3,"children":[2,50]},"78":{"height":0.3119637072086334,"count":7,"children":[69,76]},"70":{"height":0.2745448052883148,"count":3,"children":[46,65]},"52":{"height":0.004989726934581995,"count":2,"children":[40,42]},"69":{"height":0.26603445410728455,"count":5,"children":[32,68]},"83":{"height":0.39150312542915344,"count":5,"children":[56,62]},"64":{"height":0.20713630318641663,"count":2,"children":[22,28]},"65":{"height":0.22920472919940948,"count":2,"children":[41,47]},"49":{"height":0.0004398826858960092,"count":2,"children":[17,19]},"84":{"height":0.4488334357738495,"count":13,"children":[59,82]},"86":{"height":0.5566582083702087,"count":9,"children":[71,83]},"67":{"height":0.2469431459903717,"count":3,"children":[25,64]},"93":{"height":0.8181742429733276,"count":5,"children":[75,88]},"94":{"height":0.8405537009239197,"count":37,"children":[92,93]},"54":{"height":0.017632242292165756,"count":2,"children":[16,23]},"50":{"height":0.0017521503614261746,"count":2,"children":[14,30]},"77":{"height":0.30647146701812744,"count":3,"children":[36,57]},"80":{"height":0.32584646344184875,"count":11,"children":[72,74]},"82":{"height":0.36595404148101807,"count":11,"children":[79,81]},"91":{"height":0.7752439975738525,"count":20,"children":[87,90]},"75":{"height":0.2983168065547943,"count":2,"children":[1,35]},"60":{"height":0.1812567114830017,"count":2,"children":[38,48]},"87":{"height":0.6404547691345215,"count":17,"children":[61,85]},"61":{"height":0.18680894374847412,"count":2,"children":[10,26]},"79":{"height":0.31761041283607483,"count":2,"children":[33,34]},"71":{"height":0.27489733695983887,"count":4,"children":[27,53]},"76":{"height":0.29844430088996887,"count":2,"children":[8,29]},"81":{"height":0.32592499256134033,"count":9,"children":[73,78]},"62":{"height":0.18717439472675323,"count":2,"children":[5,6]},"51":{"height":0.0032871230505406857,"count":2,"children":[4,18]},"88":{"height":0.6448125243186951,"count":3,"children":[20,54]},"73":{"height":0.2857511043548584,"count":2,"children":[15,37]},"92":{"height":0.8056910634040833,"count":32,"children":[89,91]},"53":{"height":0.005572664551436901,"count":3,"children":[24,49]},"72":{"height":0.28321635723114014,"count":7,"children":[39,66]},"63":{"height":0.18947090208530426,"count":3,"children":[43,60]},"56":{"height":0.13027647137641907,"count":3,"children":[3,51]}}}