{"n":48,"root_id":95,"nodes":{"68":{"height":0.14777827262878418,"count":3,"children":[29,56]},"89":{"height":0.40232858061790466,"count":17,"children":[79,86]},"85":{"height":0.35568952560424805,"count":10,"children":[59,83]},"55":{"height":0.008511703461408615,"count":2,"children":[14,46]},"66":{"height":0.1339597851037979,"count":3,"children":[44,54]},"58":{"height":0.017417896538972855,"count":2,"children":[4,6]},"59":{"height":0.01748095080256462,"count":2,"children":[3,9]},"74":{"height":0.18145933747291565,"count":2,"children":[31,39]},"95":{"height":0.47451087832450867,"count":48,"children":[93,94]},"57":{"height":0.01630498468875885,"count":2,"children":[20,35]},"90":{"height":0.41281139850616455,"count":12,"children":[72,88]},"78":{"height":0.22477158904075623,"count":7,"children":[24,73]},"70":{"height":0.15762582421302795,"count":3,"children":[10,62]},"52":{"height":0.005769703071564436,"count":3,"children":[15,51]},"69":{"height":0.15265142917633057,"count":5,"children":[63,68]},"83":{"height":0.2929508686065674,"count":8,"children":[18,78]},"64":{"height":0.09693706035614014,"count":2,"children":[37,45]},"65":{"height":0.12588195502758026,"count":2,"children":[26,28]},"49":{"height":0.0012748597655445337,"count":2,"children":[11,13]},"84":{"height":0.3026484549045563,"count":6,"children":[50,80]},"86":{"height":0.36700302362442017,"count":14,"children":[82,85]},"67":{"height":0.1425178200006485,"count":3,"children":[17,65]},"93":{"height":0.4460347592830658,"count":20,"children":[61,91]},"94":{"height":0.45605385303497314,"count":28,"children":[58,92]},"54":{"height":0.007835340686142445,"count":2,"children":[19,30]},"50":{"height":0.0019135093316435814,"count":3,"children":[12,49]},"77":{"height":0.20634044706821442,"count":6,"children":[21,71]},"80":{"height":0.27022355794906616,"count":3,"children":[34,55]},"82":{"height":0.2851298749446869,"count":4,"children":[27,76]},"91":{"height":0.4175034463405609,"count":18,"children":[36,89]},"75":{"height":0.18197499215602875,"count":6,"children":[38,69]},"60":{"height":0.05306122452020645,"count":2,"children":[2,7]},"87":{"height":0.39103662967681885,"count":14,"children":[81,84]},"61":{"height":0.08867157250642776,"count":2,"children":[42,43]},"79":{"height":0.25397974252700806,"count":3,"children":[32,57]},"71":{"height":0.1636740267276764,"count":5,"children":[52,53]},"76":{"height":0.19978506863117218,"count":3,"children":[16,64]},"81":{"height":0.27401524782180786,"count":8,"children":[74,77]},"62":{"height":0.09481871128082275,"count":2,"children":[5,8]},"51":{"height":0.003928790800273418,"count":2,"children":[41,47]},"88":{"height":0.40116503834724426,"count":9,"children":[70,75]},"73":{"height":0.1716051995754242,"count":6,"children":[66,67]},"92":{"height":0.42288944125175476,"count":26,"children":[87,90]},"53":{"height":0.007749968208372593,"count":2,"children":[40,48]},"72":{"height":0.165312260389328,"count":3,"children":[1,60]},"63":{"height":0.09581522643566132,"count":2,"children":[22,25]},"56":{"height":0.013270599767565727,"count":2,"children":[23,33]}}}