{"n":33,"root_id":65,"nodes":{"47":{"height":0.5188153982162476,"count":2,"children":[8,10]},"54":{"height":0.6865501403808594,"count":6,"children":[49,51]},"50":{"height":0.632565975189209,"count":2,"children":[14,26]},"40":{"height":0.3797474801540375,"count":2,"children":[2,4]},"62":{"height":0.8443556427955627,"count":4,"children":[39,47]},"39":{"height":0.338763564825058,"count":2,"children":[12,30]},"46":{"height":0.49937567114830017,"count":2,"children":[1,3]},"43":{"height":0.4137216806411743,"count":4,"children":[24,35]},"35":{"height":0.20932252705097198,"count":3,"children":[18,34]},"34":{"height":0.16071338951587677,"count":2,"children":[20,27]},"42":{"height":0.4096931219100952,"count":2,"children":[16,17]},"55":{"height":0.6938127875328064,"count":3,"children":[31,38]},"58":{"height":0.7626786231994629,"count":7,"children":[48,55]},"60":{"height":0.8048612475395203,"count":23,"children":[57,59]},"64":{"height":0.8839429020881653,"count":27,"children":[60,62]},"59":{"height":0.7836198806762695,"count":13,"children":[52,58]},"65":{"height":0.9125849604606628,"count":33,"children":[63,64]},"49":{"height":0.6104291081428528,"count":4,"children":[36,37]},"51":{"height":0.6519185900688171,"count":2,"children":[22,33]},"44":{"height":0.4393477737903595,"count":5,"children":[32,43]},"37":{"height":0.31387126445770264,"count":2,"children":[7,25]},"53":{"height":0.6862950921058655,"count":3,"children":[29,50]},"61":{"height":0.8185405135154724,"count":4,"children":[45,46]},"38":{"height":0.3337573707103729,"count":2,"children":[9,13]},"57":{"height":0.7234276533126831,"count":10,"children":[54,56]},"45":{"height":0.4571065604686737,"count":2,"children":[5,6]},"63":{"height":0.8663272857666016,"count":6,"children":[40,61]},"36":{"height":0.2816580533981323,"count":2,"children":[11,15]},"48":{"height":0.569891631603241,"count":4,"children":[41,42]},"56":{"height":0.6985664367675781,"count":4,"children":[21,53]},"41":{"height":0.38539019227027893,"count":2,"children":[19,23]},"52":{"height":0.6843859553337097,"count":6,"children":[28,44]}}}