{"n":5,"root_id":9,"nodes":{"7":{"height":0.4219001531600952,"count":2,"children":[4,5]},"9":{"height":0.5368925929069519,"count":5,"children":[7,8]},"8":{"height":0.4891826808452606,"count":3,"children":[3,6]},"6":{"height":0.39734041690826416,"count":2,"children":[1,2]}}}