{"n":21,"root_id":41,"nodes":{"32":{"height":0.32061272859573364,"count":2,"children":[13,17]},"40":{"height":0.8921090364456177,"count":4,"children":[22,28]},"39":{"height":0.876007080078125,"count":17,"children":[36,38]},"26":{"height":0.015172178857028484,"count":4,"children":[18,25]},"25":{"height":0.0037187482230365276,"count":3,"children":[14,23]},"35":{"height":0.39937934279441833,"count":7,"children":[7,34]},"34":{"height":0.3868301808834076,"count":6,"children":[16,33]},"29":{"height":0.08918062597513199,"count":3,"children":[9,27]},"22":{"height":0.00020369364938233048,"count":2,"children":[11,12]},"24":{"height":0.0035812833812087774,"count":2,"children":[2,3]},"37":{"height":0.5852673053741455,"count":9,"children":[32,35]},"28":{"height":0.05886055901646614,"count":2,"children":[20,21]},"38":{"height":0.6800041794776917,"count":13,"children":[30,37]},"23":{"height":0.0026314284186810255,"count":2,"children":[10,19]},"31":{"height":0.3112533390522003,"count":3,"children":[1,24]},"27":{"height":0.05127808079123497,"count":2,"children":[5,6]},"36":{"height":0.43634656071662903,"count":4,"children":[4,31]},"41":{"height":0.9281178116798401,"count":21,"children":[39,40]},"33":{"height":0.32262155413627625,"count":5,"children":[8,26]},"30":{"height":0.2095339149236679,"count":4,"children":[15,29]}}}