{"n":11,"root_id":21,"nodes":{"20":{"height":0.8685520887374878,"count":6,"children":[12,19]},"21":{"height":0.935997486114502,"count":11,"children":[18,20]},"13":{"height":0.0014410605654120445,"count":2,"children":[3,4]},"14":{"height":0.0022148394491523504,"count":2,"children":[5,6]},"16":{"height":0.19100716710090637,"count":3,"children":[7,14]},"17":{"height":0.2033775895833969,"count":4,"children":[8,16]},"19":{"height":0.2545713782310486,"count":4,"children":[13,15]},"15":{"height":0.004495027009397745,"count":2,"children":[1,2]},"12":{"height":9.13075273274444e-5,"count":2,"children":[10,11]},"18":{"height":0.22769558429718018,"count":5,"children":[9,17]}}}