{"n":12,"root_id":23,"nodes":{"16":{"height":0.06640560925006866,"count":2,"children":[7,8]},"21":{"height":0.953092634677887,"count":4,"children":[16,18]},"19":{"height":0.9050655364990234,"count":4,"children":[13,17]},"17":{"height":0.3342950642108917,"count":2,"children":[11,12]},"22":{"height":0.9806522727012634,"count":8,"children":[20,21]},"20":{"height":0.9290717840194702,"count":4,"children":[14,15]},"23":{"height":0.9933798909187317,"count":12,"children":[19,22]},"13":{"height":0.0,"count":2,"children":[5,6]},"14":{"height":0.0011869436129927635,"count":2,"children":[9,10]},"15":{"height":0.007594936527311802,"count":2,"children":[3,4]},"18":{"height":0.45119979977607727,"count":2,"children":[1,2]}}}