{"n":36,"root_id":71,"nodes":{"47":{"height":0.02711835689842701,"count":2,"children":[25,28]},"54":{"height":0.15915964543819427,"count":5,"children":[5,53]},"50":{"height":0.12751291692256927,"count":2,"children":[7,16]},"68":{"height":0.31701546907424927,"count":10,"children":[63,66]},"69":{"height":0.3976503014564514,"count":17,"children":[67,68]},"40":{"height":0.0002658160519786179,"count":2,"children":[29,36]},"62":{"height":0.21008403599262238,"count":4,"children":[39,47]},"39":{"height":0.0002540005079936236,"count":2,"children":[23,24]},"46":{"height":0.001776356715708971,"count":2,"children":[2,3]},"43":{"height":0.0010662875138223171,"count":2,"children":[11,13]},"55":{"height":0.17992039024829865,"count":3,"children":[14,45]},"42":{"height":0.0007974481559358537,"count":4,"children":[31,41]},"60":{"height":0.19756193459033966,"count":2,"children":[9,18]},"58":{"height":0.18942277133464813,"count":2,"children":[6,12]},"66":{"height":0.30040231347084045,"count":7,"children":[55,64]},"64":{"height":0.21415819227695465,"count":4,"children":[58,60]},"59":{"height":0.19581854343414307,"count":8,"children":[50,57]},"65":{"height":0.24266448616981506,"count":9,"children":[52,62]},"49":{"height":0.1001322939991951,"count":2,"children":[26,30]},"51":{"height":0.13661068677902222,"count":2,"children":[8,10]},"44":{"height":0.0011518695391714573,"count":5,"children":[33,42]},"37":{"height":0.0,"count":2,"children":[32,34]},"53":{"height":0.15286676585674286,"count":4,"children":[43,46]},"61":{"height":0.20288604497909546,"count":10,"children":[56,59]},"38":{"height":8.398421050515026e-5,"count":2,"children":[21,22]},"57":{"height":0.18928255140781403,"count":6,"children":[17,54]},"45":{"height":0.001246660714969039,"count":2,"children":[1,4]},"71":{"height":0.4673224091529846,"count":36,"children":[61,70]},"63":{"height":0.21162211894989014,"count":3,"children":[19,51]},"67":{"height":0.30631694197654724,"count":7,"children":[44,49]},"48":{"height":0.029227379709482193,"count":3,"children":[35,37]},"56":{"height":0.1887848973274231,"count":2,"children":[15,20]},"70":{"height":0.4054807424545288,"count":26,"children":[65,69]},"41":{"height":0.0004430660046637058,"count":3,"children":[27,40]},"52":{"height":0.1462494134902954,"count":5,"children":[38,48]}}}