{"n":36,"root_id":71,"nodes":{"47":{"height":0.43852460384368896,"count":2,"children":[3,5]},"54":{"height":0.49085530638694763,"count":5,"children":[47,53]},"50":{"height":0.4589751064777374,"count":2,"children":[26,28]},"68":{"height":0.8357247114181519,"count":18,"children":[51,67]},"69":{"height":0.8583438396453857,"count":14,"children":[64,65]},"40":{"height":0.07334619760513306,"count":2,"children":[8,11]},"62":{"height":0.5764603614807129,"count":10,"children":[59,61]},"39":{"height":0.05179212987422943,"count":2,"children":[15,16]},"46":{"height":0.405150443315506,"count":2,"children":[1,2]},"43":{"height":0.23098045587539673,"count":2,"children":[17,18]},"55":{"height":0.5177469849586487,"count":3,"children":[20,39]},"42":{"height":0.1281525194644928,"count":4,"children":[10,41]},"60":{"height":0.5600953698158264,"count":5,"children":[55,58]},"58":{"height":0.5370764136314392,"count":2,"children":[21,22]},"66":{"height":0.7211848497390747,"count":7,"children":[37,54]},"64":{"height":0.6895281076431274,"count":12,"children":[24,63]},"59":{"height":0.553373396396637,"count":3,"children":[29,48]},"65":{"height":0.6908370852470398,"count":2,"children":[35,36]},"49":{"height":0.4572269320487976,"count":4,"children":[38,45]},"51":{"height":0.46034789085388184,"count":9,"children":[44,49]},"44":{"height":0.2624058425426483,"count":5,"children":[6,42]},"37":{"height":0.005636575166136026,"count":2,"children":[27,30]},"53":{"height":0.4812106788158417,"count":3,"children":[4,46]},"61":{"height":0.5648576617240906,"count":7,"children":[43,60]},"38":{"height":0.051255591213703156,"count":2,"children":[7,13]},"57":{"height":0.5359335541725159,"count":4,"children":[52,56]},"45":{"height":0.34640851616859436,"count":2,"children":[12,14]},"71":{"height":0.8960738778114319,"count":36,"children":[68,70]},"63":{"height":0.5966920852661133,"count":11,"children":[23,62]},"67":{"height":0.8164231181144714,"count":9,"children":[50,66]},"48":{"height":0.44916319847106934,"count":2,"children":[19,25]},"56":{"height":0.5320996642112732,"count":2,"children":[31,34]},"70":{"height":0.8725411891937256,"count":18,"children":[57,69]},"41":{"height":0.12269162386655807,"count":3,"children":[9,40]},"52":{"height":0.4748286306858063,"count":2,"children":[32,33]}}}