{"n":47,"root_id":93,"nodes":{"68":{"height":0.03758145123720169,"count":2,"children":[21,35]},"89":{"height":0.4098665118217468,"count":17,"children":[76,86]},"85":{"height":0.2865482568740845,"count":8,"children":[65,80]},"55":{"height":0.007904525846242905,"count":3,"children":[29,53]},"66":{"height":0.03166266530752182,"count":5,"children":[11,60]},"58":{"height":0.012311901897192001,"count":3,"children":[24,54]},"59":{"height":0.014183292165398598,"count":2,"children":[3,6]},"74":{"height":0.08009977638721466,"count":3,"children":[46,71]},"57":{"height":0.010691043920814991,"count":4,"children":[32,55]},"90":{"height":0.4151563048362732,"count":16,"children":[81,84]},"78":{"height":0.1473468840122223,"count":2,"children":[1,4]},"70":{"height":0.052310507744550705,"count":3,"children":[2,59]},"52":{"height":0.004523566458374262,"count":2,"children":[45,47]},"69":{"height":0.042041171342134476,"count":2,"children":[9,10]},"83":{"height":0.224979430437088,"count":6,"children":[68,79]},"64":{"height":0.028791075572371483,"count":2,"children":[23,27]},"65":{"height":0.029544461518526077,"count":4,"children":[44,62]},"49":{"height":0.0016551308799535036,"count":2,"children":[12,13]},"84":{"height":0.2663303315639496,"count":13,"children":[58,82]},"86":{"height":0.30439120531082153,"count":13,"children":[66,85]},"67":{"height":0.03461305797100067,"count":7,"children":[63,64]},"93":{"height":0.9381546378135681,"count":47,"children":[88,92]},"54":{"height":0.006534954532980919,"count":2,"children":[26,31]},"50":{"height":0.0033107600174844265,"count":3,"children":[15,49]},"77":{"height":0.12312811613082886,"count":3,"children":[16,73]},"80":{"height":0.21063581109046936,"count":4,"children":[39,75]},"82":{"height":0.22359994053840637,"count":10,"children":[56,72]},"91":{"height":0.5616774559020996,"count":19,"children":[70,90]},"75":{"height":0.08780420571565628,"count":3,"children":[36,61]},"60":{"height":0.014705882407724857,"count":4,"children":[14,50]},"87":{"height":0.33403387665748596,"count":8,"children":[69,83]},"61":{"height":0.01595441624522209,"count":2,"children":[37,38]},"79":{"height":0.18521595001220703,"count":4,"children":[20,77]},"71":{"height":0.053612060844898224,"count":2,"children":[40,41]},"48":{"height":0.0005910165491513908,"count":2,"children":[18,19]},"76":{"height":0.11400081217288971,"count":4,"children":[42,74]},"81":{"height":0.2117154747247696,"count":3,"children":[5,78]},"62":{"height":0.0173469390720129,"count":3,"children":[43,52]},"51":{"height":0.0035455753095448017,"count":3,"children":[17,48]},"88":{"height":0.40982070565223694,"count":11,"children":[51,87]},"73":{"height":0.06842856854200363,"count":2,"children":[7,8]},"92":{"height":0.9226496815681458,"count":36,"children":[89,91]},"53":{"height":0.006516679655760527,"count":2,"children":[25,28]},"72":{"height":0.05454817786812782,"count":8,"children":[33,67]},"63":{"height":0.018472906202077866,"count":5,"children":[22,57]},"56":{"height":0.008274594321846962,"count":2,"children":[30,34]}}}