{"n":52,"root_id":103,"nodes":{"68":{"height":0.0008996851393021643,"count":3,"children":[26,65]},"89":{"height":0.16348996758460999,"count":7,"children":[84,86]},"85":{"height":0.10257231444120407,"count":16,"children":[5,79]},"55":{"height":0.0,"count":2,"children":[32,40]},"66":{"height":0.0005630630766972899,"count":9,"children":[19,64]},"58":{"height":0.00011262529733357951,"count":3,"children":[44,54]},"59":{"height":0.00021831678168382496,"count":2,"children":[27,39]},"74":{"height":0.01401425153017044,"count":2,"children":[51,52]},"95":{"height":0.4563333988189697,"count":7,"children":[76,87]},"57":{"height":0.00011262529733357951,"count":3,"children":[23,53]},"90":{"height":0.16707341372966766,"count":7,"children":[8,83]},"78":{"height":0.03472714498639107,"count":3,"children":[50,74]},"70":{"height":0.0022910756524652243,"count":4,"children":[30,63]},"69":{"height":0.0022286605089902878,"count":2,"children":[12,18]},"96":{"height":0.460163950920105,"count":7,"children":[88,94]},"83":{"height":0.07956431806087494,"count":6,"children":[4,75]},"64":{"height":0.00045050118933431804,"count":8,"children":[61,62]},"65":{"height":0.0005623031756840646,"count":2,"children":[22,25]},"84":{"height":0.09998942911624908,"count":4,"children":[13,81]},"86":{"height":0.11891070753335953,"count":3,"children":[9,82]},"67":{"height":0.0007844895008020103,"count":2,"children":[14,17]},"99":{"height":0.49425679445266724,"count":45,"children":[96,98]},"93":{"height":0.4249931275844574,"count":2,"children":[15,45]},"94":{"height":0.437934547662735,"count":3,"children":[3,93]},"54":{"height":0.0,"count":2,"children":[33,34]},"77":{"height":0.024050774052739143,"count":14,"children":[72,73]},"80":{"height":0.05438302457332611,"count":3,"children":[6,67]},"101":{"height":0.7467117309570312,"count":5,"children":[78,100]},"82":{"height":0.07043174654245377,"count":2,"children":[10,16]},"91":{"height":0.18266020715236664,"count":8,"children":[2,89]},"75":{"height":0.014510146342217922,"count":5,"children":[41,70]},"60":{"height":0.00022361359151545912,"count":4,"children":[31,56]},"87":{"height":0.13495665788650513,"count":2,"children":[1,35]},"103":{"height":0.9710217714309692,"count":52,"children":[71,102]},"61":{"height":0.00022525059466715902,"count":4,"children":[37,58]},"79":{"height":0.05051523447036743,"count":15,"children":[20,77]},"71":{"height":0.004814574029296637,"count":2,"children":[48,49]},"76":{"height":0.02048417180776596,"count":5,"children":[28,60]},"100":{"height":0.5108106136322021,"count":2,"children":[46,47]},"81":{"height":0.06684812158346176,"count":3,"children":[7,69]},"98":{"height":0.4736349582672119,"count":38,"children":[95,97]},"62":{"height":0.0003378758847247809,"count":4,"children":[29,57]},"102":{"height":0.8217661380767822,"count":50,"children":[99,101]},"88":{"height":0.15102575719356537,"count":4,"children":[11,80]},"73":{"height":0.008547008968889713,"count":4,"children":[21,68]},"92":{"height":0.2238130271434784,"count":24,"children":[85,91]},"53":{"height":0.0,"count":2,"children":[24,36]},"72":{"height":0.006270294543355703,"count":10,"children":[43,66]},"63":{"height":0.0004365858912933618,"count":3,"children":[42,59]},"56":{"height":0.00011181930312886834,"count":3,"children":[38,55]},"97":{"height":0.46476855874061584,"count":31,"children":[90,92]}}}