{"n":42,"root_id":83,"nodes":{"47":{"height":0.009385265409946442,"count":2,"children":[3,8]},"54":{"height":0.18958428502082825,"count":2,"children":[14,26]},"50":{"height":0.015392015688121319,"count":2,"children":[4,6]},"68":{"height":0.488546758890152,"count":6,"children":[46,67]},"69":{"height":0.4941309988498688,"count":4,"children":[52,63]},"77":{"height":0.5678813457489014,"count":14,"children":[66,76]},"80":{"height":0.8102660775184631,"count":13,"children":[70,78]},"81":{"height":0.8267649412155151,"count":14,"children":[62,74]},"62":{"height":0.3578336536884308,"count":6,"children":[59,61]},"46":{"height":0.005164319183677435,"count":2,"children":[21,22]},"82":{"height":0.8681948184967041,"count":29,"children":[79,81]},"43":{"height":0.0,"count":2,"children":[12,20]},"75":{"height":0.5588139295578003,"count":3,"children":[30,45]},"55":{"height":0.23702213168144226,"count":4,"children":[35,44]},"60":{"height":0.3124241232872009,"count":5,"children":[50,56]},"66":{"height":0.4625678062438965,"count":6,"children":[49,55]},"58":{"height":0.3004005253314972,"count":2,"children":[18,33]},"83":{"height":0.9098557829856873,"count":42,"children":[80,82]},"64":{"height":0.43841516971588135,"count":3,"children":[28,53]},"59":{"height":0.30405688285827637,"count":2,"children":[16,34]},"65":{"height":0.4465169310569763,"count":3,"children":[1,47]},"49":{"height":0.01225490216165781,"count":2,"children":[29,37]},"51":{"height":0.017890771850943565,"count":2,"children":[5,7]},"44":{"height":0.0004476275644265115,"count":3,"children":[23,43]},"73":{"height":0.5294764041900635,"count":7,"children":[32,68]},"53":{"height":0.18704663217067719,"count":2,"children":[24,31]},"61":{"height":0.32204756140708923,"count":4,"children":[41,57]},"72":{"height":0.5058441758155823,"count":2,"children":[36,39]},"74":{"height":0.5448741912841797,"count":8,"children":[17,71]},"79":{"height":0.6237499713897705,"count":15,"children":[42,77]},"57":{"height":0.26955369114875793,"count":3,"children":[9,48]},"45":{"height":0.004932735580950975,"count":2,"children":[10,40]},"71":{"height":0.5007727742195129,"count":7,"children":[64,69]},"63":{"height":0.4152263402938843,"count":2,"children":[11,15]},"78":{"height":0.5844318866729736,"count":5,"children":[72,75]},"67":{"height":0.46563979983329773,"count":4,"children":[54,58]},"48":{"height":0.01052104216068983,"count":2,"children":[27,38]},"56":{"height":0.2515099346637726,"count":3,"children":[2,51]},"70":{"height":0.4964412748813629,"count":8,"children":[60,65]},"76":{"height":0.5650663375854492,"count":8,"children":[19,73]},"52":{"height":0.1703633815050125,"count":2,"children":[13,25]}}}