{"n":51,"root_id":101,"nodes":{"68":{"height":0.0094668660312891,"count":2,"children":[1,3]},"89":{"height":0.07630116492509842,"count":2,"children":[17,34]},"85":{"height":0.06026557832956314,"count":2,"children":[15,40]},"55":{"height":0.0015723269898444414,"count":3,"children":[23,52]},"66":{"height":0.008895865641534328,"count":7,"children":[63,65]},"58":{"height":0.0026288118679076433,"count":4,"children":[29,56]},"59":{"height":0.0026525198481976986,"count":2,"children":[18,47]},"74":{"height":0.012500000186264515,"count":2,"children":[32,39]},"95":{"height":0.151189923286438,"count":30,"children":[90,93]},"57":{"height":0.002620544983074069,"count":4,"children":[5,55]},"90":{"height":0.08852458745241165,"count":27,"children":[37,87]},"78":{"height":0.018292682245373726,"count":3,"children":[24,69]},"70":{"height":0.010303966701030731,"count":2,"children":[30,41]},"52":{"height":0.0,"count":2,"children":[4,6]},"69":{"height":0.009743589907884598,"count":2,"children":[22,26]},"96":{"height":0.20911161601543427,"count":39,"children":[86,95]},"83":{"height":0.041368745267391205,"count":24,"children":[80,81]},"64":{"height":0.005783386062830687,"count":6,"children":[10,60]},"65":{"height":0.0062761506997048855,"count":5,"children":[11,57]},"84":{"height":0.0515773668885231,"count":25,"children":[25,83]},"86":{"height":0.06537283211946487,"count":9,"children":[79,82]},"67":{"height":0.009311950765550137,"count":3,"children":[27,61]},"99":{"height":0.4303586184978485,"count":46,"children":[16,98]},"93":{"height":0.10735586285591125,"count":3,"children":[14,89]},"94":{"height":0.12364532053470612,"count":4,"children":[44,91]},"54":{"height":0.0010520778596401215,"count":2,"children":[8,9]},"77":{"height":0.015592515468597412,"count":15,"children":[64,76]},"80":{"height":0.025076765567064285,"count":20,"children":[75,77]},"101":{"height":0.9902724027633667,"count":51,"children":[88,100]},"82":{"height":0.03197064995765686,"count":5,"children":[59,72]},"91":{"height":0.08890005201101303,"count":3,"children":[12,85]},"75":{"height":0.013443640433251858,"count":5,"children":[67,70]},"60":{"height":0.003678402630612254,"count":5,"children":[46,58]},"87":{"height":0.07020127773284912,"count":26,"children":[21,84]},"61":{"height":0.004164497833698988,"count":2,"children":[35,38]},"79":{"height":0.018691588193178177,"count":4,"children":[73,74]},"71":{"height":0.010438413359224796,"count":8,"children":[45,66]},"76":{"height":0.014011416584253311,"count":9,"children":[36,71]},"100":{"height":0.793341338634491,"count":49,"children":[92,99]},"81":{"height":0.026794742792844772,"count":4,"children":[28,78]},"98":{"height":0.342334508895874,"count":45,"children":[94,97]},"62":{"height":0.0042530568316578865,"count":2,"children":[13,50]},"88":{"height":0.07032590359449387,"count":2,"children":[42,43]},"73":{"height":0.011000524275004864,"count":2,"children":[31,33]},"92":{"height":0.09357006102800369,"count":3,"children":[2,68]},"53":{"height":0.0,"count":2,"children":[19,49]},"72":{"height":0.010615711100399494,"count":3,"children":[20,62]},"63":{"height":0.005252100992947817,"count":2,"children":[48,51]},"56":{"height":0.002104155719280243,"count":3,"children":[7,54]},"97":{"height":0.28196147084236145,"count":41,"children":[53,96]}}}