{"n":20,"root_id":39,"nodes":{"32":{"height":0.5739264488220215,"count":2,"children":[5,17]},"21":{"height":0.0005492493510246277,"count":2,"children":[8,9]},"39":{"height":0.897257924079895,"count":20,"children":[32,38]},"26":{"height":0.4813235402107239,"count":2,"children":[12,13]},"25":{"height":0.4371567964553833,"count":2,"children":[11,15]},"35":{"height":0.6134617924690247,"count":5,"children":[30,31]},"34":{"height":0.6013442277908325,"count":4,"children":[6,33]},"29":{"height":0.5210749506950378,"count":6,"children":[27,28]},"22":{"height":0.014084506779909134,"count":2,"children":[10,16]},"24":{"height":0.3802473545074463,"count":3,"children":[18,23]},"37":{"height":0.729424774646759,"count":15,"children":[34,36]},"28":{"height":0.5165883302688599,"count":2,"children":[2,4]},"38":{"height":0.8256253600120544,"count":18,"children":[24,37]},"23":{"height":0.32533034682273865,"count":2,"children":[19,20]},"31":{"height":0.5685039162635803,"count":3,"children":[1,22]},"27":{"height":0.48392677307128906,"count":4,"children":[25,26]},"36":{"height":0.6577233672142029,"count":11,"children":[29,35]},"33":{"height":0.5881884694099426,"count":3,"children":[14,21]},"30":{"height":0.5556037425994873,"count":2,"children":[3,7]}}}