{"n":23,"root_id":45,"nodes":{"32":{"height":0.37954241037368774,"count":4,"children":[29,30]},"40":{"height":0.6545893549919128,"count":3,"children":[4,31]},"39":{"height":0.4882459342479706,"count":4,"children":[27,37]},"26":{"height":0.2695229947566986,"count":2,"children":[20,21]},"43":{"height":0.9819173216819763,"count":18,"children":[26,42]},"25":{"height":0.25350773334503174,"count":2,"children":[7,10]},"35":{"height":0.4052116274833679,"count":3,"children":[16,28]},"34":{"height":0.4024175703525543,"count":2,"children":[6,11]},"29":{"height":0.3464493453502655,"count":2,"children":[8,9]},"42":{"height":0.8838295340538025,"count":16,"children":[38,41]},"44":{"height":0.9874669313430786,"count":5,"children":[24,35]},"24":{"height":0.041289880871772766,"count":2,"children":[22,23]},"37":{"height":0.4545997679233551,"count":2,"children":[1,2]},"28":{"height":0.3356224298477173,"count":2,"children":[17,19]},"38":{"height":0.4705395996570587,"count":9,"children":[12,36]},"45":{"height":0.9944140315055847,"count":23,"children":[43,44]},"31":{"height":0.3742145597934723,"count":2,"children":[13,18]},"27":{"height":0.29208698868751526,"count":2,"children":[14,15]},"36":{"height":0.42190226912498474,"count":8,"children":[33,34]},"41":{"height":0.7486640214920044,"count":7,"children":[39,40]},"33":{"height":0.3961929976940155,"count":6,"children":[25,32]},"30":{"height":0.3669704496860504,"count":2,"children":[3,5]}}}