{"n":24,"root_id":47,"nodes":{"47":{"height":0.7085615396499634,"count":24,"children":[45,46]},"32":{"height":0.09127295017242432,"count":4,"children":[12,31]},"40":{"height":0.16148017346858978,"count":2,"children":[20,21]},"39":{"height":0.1538844257593155,"count":12,"children":[15,38]},"46":{"height":0.65468829870224,"count":18,"children":[8,42]},"26":{"height":0.032175373286008835,"count":2,"children":[16,18]},"43":{"height":0.20462563633918762,"count":3,"children":[19,40]},"25":{"height":0.0002723064390011132,"count":2,"children":[1,2]},"35":{"height":0.11793120950460434,"count":2,"children":[5,7]},"34":{"height":0.10907519608736038,"count":7,"children":[29,32]},"29":{"height":0.073479063808918,"count":3,"children":[13,27]},"42":{"height":0.175994873046875,"count":17,"children":[39,41]},"44":{"height":0.2456577569246292,"count":5,"children":[37,43]},"37":{"height":0.14542536437511444,"count":2,"children":[22,23]},"28":{"height":0.06234085559844971,"count":3,"children":[17,26]},"38":{"height":0.14804978668689728,"count":11,"children":[35,36]},"45":{"height":0.29822754859924316,"count":6,"children":[24,44]},"31":{"height":0.08504169434309006,"count":3,"children":[11,25]},"27":{"height":0.041808415204286575,"count":2,"children":[4,9]},"36":{"height":0.12535175681114197,"count":9,"children":[30,34]},"41":{"height":0.1677984893321991,"count":5,"children":[14,33]},"33":{"height":0.09803423285484314,"count":4,"children":[6,28]},"30":{"height":0.08316763490438461,"count":2,"children":[3,10]}}}