{"n":36,"root_id":71,"nodes":{"47":{"height":0.00415591849014163,"count":10,"children":[25,46]},"54":{"height":0.03000822104513645,"count":5,"children":[29,53]},"50":{"height":0.013099834322929382,"count":3,"children":[16,43]},"68":{"height":0.1750958263874054,"count":19,"children":[62,65]},"69":{"height":0.20610027015209198,"count":33,"children":[67,68]},"40":{"height":0.001147446921095252,"count":3,"children":[26,38]},"62":{"height":0.08516886830329895,"count":11,"children":[56,60]},"39":{"height":0.0010028653778135777,"count":3,"children":[34,37]},"46":{"height":0.0032946569845080376,"count":9,"children":[13,44]},"43":{"height":0.001952852588146925,"count":2,"children":[27,28]},"55":{"height":0.030875016003847122,"count":2,"children":[14,19]},"42":{"height":0.0015772870974615216,"count":4,"children":[32,40]},"60":{"height":0.055009301751852036,"count":7,"children":[36,58]},"58":{"height":0.051124196499586105,"count":6,"children":[30,54]},"66":{"height":0.13399001955986023,"count":13,"children":[17,63]},"64":{"height":0.09163738787174225,"count":2,"children":[2,3]},"59":{"height":0.05259765312075615,"count":3,"children":[7,51]},"65":{"height":0.10644222050905228,"count":8,"children":[59,61]},"49":{"height":0.012036108411848545,"count":11,"children":[24,47]},"51":{"height":0.014851485379040241,"count":2,"children":[11,15]},"44":{"height":0.002148997038602829,"count":8,"children":[41,42]},"37":{"height":0.00028657400980591774,"count":2,"children":[12,31]},"53":{"height":0.028843499720096588,"count":4,"children":[20,50]},"61":{"height":0.0785183236002922,"count":5,"children":[5,57]},"38":{"height":0.000860585190821439,"count":2,"children":[21,22]},"57":{"height":0.0496852807700634,"count":4,"children":[52,55]},"45":{"height":0.0026813435833901167,"count":2,"children":[8,33]},"71":{"height":0.43022751808166504,"count":36,"children":[69,70]},"63":{"height":0.08803962916135788,"count":12,"children":[4,49]},"67":{"height":0.14456360042095184,"count":14,"children":[18,66]},"48":{"height":0.008888261392712593,"count":3,"children":[35,45]},"56":{"height":0.039135925471782684,"count":4,"children":[6,48]},"70":{"height":0.33762016892433167,"count":3,"children":[1,64]},"41":{"height":0.0015759312082082033,"count":4,"children":[23,39]},"52":{"height":0.01872909627854824,"count":2,"children":[9,10]}}}