{"n":26,"root_id":51,"nodes":{"47":{"height":0.5781402587890625,"count":7,"children":[29,46]},"32":{"height":0.24673137068748474,"count":2,"children":[24,26]},"50":{"height":0.82781982421875,"count":14,"children":[47,49]},"40":{"height":0.3194444477558136,"count":2,"children":[4,21]},"39":{"height":0.31665533781051636,"count":2,"children":[2,3]},"46":{"height":0.48734089732170105,"count":4,"children":[32,34]},"43":{"height":0.34828904271125793,"count":9,"children":[28,42]},"35":{"height":0.2968417704105377,"count":3,"children":[18,30]},"34":{"height":0.28262075781822205,"count":2,"children":[23,25]},"29":{"height":0.00018406036542728543,"count":3,"children":[10,27]},"42":{"height":0.3370318114757538,"count":7,"children":[39,41]},"49":{"height":0.662848174571991,"count":7,"children":[35,48]},"51":{"height":0.8785027861595154,"count":26,"children":[45,50]},"44":{"height":0.3602002263069153,"count":3,"children":[8,40]},"37":{"height":0.30545592308044434,"count":2,"children":[1,13]},"28":{"height":0.0,"count":2,"children":[15,16]},"38":{"height":0.31172552704811096,"count":4,"children":[19,36]},"45":{"height":0.40160587430000305,"count":12,"children":[43,44]},"31":{"height":0.17030352354049683,"count":2,"children":[17,22]},"27":{"height":0.0,"count":2,"children":[11,12]},"36":{"height":0.30003079771995544,"count":3,"children":[14,33]},"48":{"height":0.5782723426818848,"count":4,"children":[31,37]},"41":{"height":0.3231011629104614,"count":5,"children":[5,38]},"33":{"height":0.27551257610321045,"count":2,"children":[9,20]},"30":{"height":0.0019534884486347437,"count":2,"children":[6,7]}}}