{"n":36,"root_id":71,"nodes":{"47":{"height":0.19627532362937927,"count":3,"children":[34,43]},"54":{"height":0.34255513548851013,"count":2,"children":[18,36]},"50":{"height":0.29002752900123596,"count":4,"children":[38,45]},"68":{"height":0.8850414156913757,"count":12,"children":[61,67]},"69":{"height":0.8867513537406921,"count":30,"children":[64,68]},"40":{"height":0.0033769954461604357,"count":2,"children":[1,2]},"62":{"height":0.5753433704376221,"count":7,"children":[44,51]},"39":{"height":0.0027525131590664387,"count":2,"children":[5,6]},"46":{"height":0.1858929544687271,"count":2,"children":[21,25]},"43":{"height":0.008928571827709675,"count":2,"children":[16,24]},"55":{"height":0.3535229563713074,"count":3,"children":[23,46]},"42":{"height":0.008679854683578014,"count":2,"children":[26,35]},"60":{"height":0.4919443726539612,"count":8,"children":[58,59]},"58":{"height":0.4370707869529724,"count":3,"children":[29,53]},"66":{"height":0.7793006896972656,"count":6,"children":[55,57]},"64":{"height":0.7104734182357788,"count":18,"children":[48,63]},"59":{"height":0.44247013330459595,"count":5,"children":[13,50]},"65":{"height":0.719398021697998,"count":4,"children":[40,56]},"49":{"height":0.2891577184200287,"count":2,"children":[12,27]},"51":{"height":0.2947152853012085,"count":4,"children":[11,47]},"44":{"height":0.009647808037698269,"count":3,"children":[33,37]},"37":{"height":0.002249296987429261,"count":2,"children":[9,32]},"53":{"height":0.33946463465690613,"count":2,"children":[17,19]},"61":{"height":0.5615362524986267,"count":4,"children":[49,54]},"38":{"height":0.0024152256082743406,"count":2,"children":[10,28]},"57":{"height":0.424249529838562,"count":3,"children":[22,52]},"45":{"height":0.12231100350618362,"count":2,"children":[14,15]},"71":{"height":0.9521215558052063,"count":36,"children":[65,70]},"63":{"height":0.6289050579071045,"count":15,"children":[60,62]},"67":{"height":0.8650876879692078,"count":8,"children":[41,66]},"48":{"height":0.21498161554336548,"count":3,"children":[20,42]},"56":{"height":0.41919612884521484,"count":2,"children":[7,8]},"70":{"height":0.9397192597389221,"count":32,"children":[39,69]},"41":{"height":0.0057663689367473125,"count":2,"children":[3,4]},"52":{"height":0.32744911313056946,"count":2,"children":[30,31]}}}