{"n":12,"root_id":23,"nodes":{"16":{"height":0.005904144607484341,"count":2,"children":[4,5]},"21":{"height":0.9341280460357666,"count":6,"children":[14,18]},"19":{"height":0.1614321619272232,"count":3,"children":[3,16]},"17":{"height":0.021396692842245102,"count":2,"children":[1,2]},"22":{"height":0.9419435262680054,"count":9,"children":[20,21]},"20":{"height":0.26421216130256653,"count":3,"children":[6,17]},"23":{"height":0.9612560272216797,"count":12,"children":[19,22]},"13":{"height":0.0015978367300704122,"count":2,"children":[7,8]},"14":{"height":0.0023350128903985023,"count":3,"children":[9,13]},"15":{"height":0.003959760069847107,"count":2,"children":[11,12]},"18":{"height":0.04098447412252426,"count":3,"children":[10,15]}}}