{"n":13,"root_id":25,"nodes":{"16":{"height":0.008661978878080845,"count":3,"children":[12,15]},"21":{"height":0.2068464607000351,"count":8,"children":[19,20]},"25":{"height":0.941385805606842,"count":13,"children":[18,24]},"19":{"height":0.1814505010843277,"count":6,"children":[7,17]},"17":{"height":0.030499352142214775,"count":5,"children":[14,16]},"22":{"height":0.20986592769622803,"count":2,"children":[4,5]},"24":{"height":0.7939689755439758,"count":11,"children":[21,23]},"20":{"height":0.18958428502082825,"count":2,"children":[8,9]},"23":{"height":0.6585614085197449,"count":3,"children":[3,22]},"14":{"height":0.0005979073466733098,"count":2,"children":[10,11]},"15":{"height":0.001833367277868092,"count":2,"children":[6,13]},"18":{"height":0.12794549763202667,"count":2,"children":[1,2]}}}