{"n":36,"root_id":71,"nodes":{"47":{"height":0.3266294002532959,"count":6,"children":[1,46]},"54":{"height":0.3596837818622589,"count":11,"children":[48,51]},"50":{"height":0.33082351088523865,"count":2,"children":[5,18]},"68":{"height":0.6296785473823547,"count":6,"children":[37,67]},"69":{"height":0.7122923731803894,"count":6,"children":[63,65]},"40":{"height":0.0015771561302244663,"count":2,"children":[4,23]},"62":{"height":0.40637025237083435,"count":3,"children":[12,52]},"39":{"height":0.000760135124437511,"count":2,"children":[34,35]},"46":{"height":0.31985756754875183,"count":5,"children":[20,42]},"43":{"height":0.049416281282901764,"count":2,"children":[14,24]},"55":{"height":0.36134564876556396,"count":3,"children":[26,43]},"42":{"height":0.010454696603119373,"count":4,"children":[22,41]},"60":{"height":0.38377249240875244,"count":17,"children":[55,57]},"58":{"height":0.377770334482193,"count":3,"children":[15,53]},"66":{"height":0.4447984993457794,"count":24,"children":[58,64]},"64":{"height":0.4340013861656189,"count":21,"children":[61,62]},"59":{"height":0.38327205181121826,"count":2,"children":[28,29]},"65":{"height":0.44461819529533386,"count":3,"children":[30,59]},"49":{"height":0.3291533887386322,"count":7,"children":[7,47]},"51":{"height":0.3452118933200836,"count":9,"children":[49,50]},"44":{"height":0.0842040553689003,"count":2,"children":[11,19]},"37":{"height":0.0006124636274762452,"count":2,"children":[32,33]},"53":{"height":0.35215386748313904,"count":2,"children":[6,21]},"61":{"height":0.4050019383430481,"count":18,"children":[16,60]},"38":{"height":0.0006779086543247104,"count":2,"children":[31,36]},"57":{"height":0.37520718574523926,"count":14,"children":[54,56]},"45":{"height":0.31154608726501465,"count":2,"children":[8,25]},"71":{"height":0.9157409071922302,"count":36,"children":[69,70]},"63":{"height":0.42098867893218994,"count":3,"children":[9,45]},"67":{"height":0.57422935962677,"count":4,"children":[38,39]},"48":{"height":0.3284158408641815,"count":2,"children":[10,17]},"56":{"height":0.369974285364151,"count":3,"children":[13,44]},"70":{"height":0.87276291847229,"count":30,"children":[66,68]},"41":{"height":0.008715862408280373,"count":3,"children":[27,40]},"52":{"height":0.3456404507160187,"count":2,"children":[2,3]}}}